<?xml version="1.0"?>
<!DOCTYPE liferay-portlet-app PUBLIC "-//Liferay//DTD Portlet Application 6.0.0//EN" "http://www.liferay.com/dtd/liferay-portlet-app_6_0_0.dtd">

<liferay-portlet-app>
	<portlet>
		<portlet-name>management-class</portlet-name>
		<icon>/class-icon.png</icon>
		<control-panel-entry-category>content</control-panel-entry-category>
    	<control-panel-entry-weight>1.5</control-panel-entry-weight>
		<header-portlet-css>/css/main.css</header-portlet-css>
		<footer-portlet-javascript>/js/main.js</footer-portlet-javascript>
		<css-class-wrapper>management-high-school-portlet</css-class-wrapper>
	</portlet>
	
	<portlet>
		<portlet-name>student-public</portlet-name>
		<icon>/icon.png</icon>
		<instanceable>false</instanceable>
		<header-portlet-css>/css/main.css</header-portlet-css>
		<footer-portlet-javascript>/js/main.js</footer-portlet-javascript>
		<css-class-wrapper>management-high-school-portlet</css-class-wrapper>
	</portlet>
	
	<portlet>
		<portlet-name>teacher-admin</portlet-name>
		<icon>/teacher-icon.png</icon>
		<instanceable>false</instanceable>
		<header-portlet-css>/css/main.css</header-portlet-css>
		<footer-portlet-javascript>/js/main.js</footer-portlet-javascript>
		<css-class-wrapper>management-high-school-portlet</css-class-wrapper>
	</portlet>
	
	<portlet>
		<portlet-name>subject-admin</portlet-name>
		<icon>/subject-icon.png</icon>
		<instanceable>false</instanceable>
		<header-portlet-css>/css/main.css</header-portlet-css>
		<footer-portlet-javascript>/js/main.js</footer-portlet-javascript>
		<css-class-wrapper>management-high-school-portlet</css-class-wrapper>
	</portlet>
	
	<portlet>
		<portlet-name>carousel-navigator</portlet-name>
		<icon>/15.png</icon>
		<instanceable>false</instanceable>
		<header-portlet-css>/css/main.css</header-portlet-css>
		<footer-portlet-javascript>/js/main.js</footer-portlet-javascript>
		<css-class-wrapper>management-high-school-portlet</css-class-wrapper>
	</portlet>
	
	<portlet>
		<portlet-name>clock-flash-portlet</portlet-name>
		<icon>/analog-clock.png</icon>
		<instanceable>false</instanceable>
		<header-portlet-css>/css/main.css</header-portlet-css>
		<footer-portlet-javascript>/js/main.js</footer-portlet-javascript>
		<css-class-wrapper>management-high-school-portlet</css-class-wrapper>
	</portlet>
	
	<portlet>
		<portlet-name>tvd-charts-portlet</portlet-name>
		<icon>/icon.png</icon>
		<instanceable>false</instanceable>
		<header-portlet-css>/css/main.css</header-portlet-css>
		<footer-portlet-javascript>/js/main.js</footer-portlet-javascript>
		<css-class-wrapper>management-high-school-portlet</css-class-wrapper>
	</portlet>
	
	<portlet>
		<portlet-name>tvd-student-login-portlet</portlet-name>
		<icon>/key.png</icon>
		<instanceable>false</instanceable>
		<header-portlet-css>/css/main.css</header-portlet-css>
		<footer-portlet-javascript>/js/main.js</footer-portlet-javascript>
		<css-class-wrapper>management-high-school-portlet</css-class-wrapper>
	</portlet>
	
	<portlet>
		<portlet-name>tvd-student-statistics-portlet</portlet-name>
		<icon>/statistics.png</icon>
		<instanceable>false</instanceable>
		<header-portlet-css>/css/main.css</header-portlet-css>
		<header-portlet-javascript>/js/jQuery/jquery-1.9.1.min.js</header-portlet-javascript>
		<footer-portlet-javascript>/js/main.js</footer-portlet-javascript>
		<css-class-wrapper>management-high-school-portlet</css-class-wrapper>
	</portlet>
	
	<role-mapper>
		<role-name>administrator</role-name>
		<role-link>Administrator</role-link>
	</role-mapper>
	<role-mapper>
		<role-name>guest</role-name>
		<role-link>Guest</role-link>
	</role-mapper>
	<role-mapper>
		<role-name>power-user</role-name>
		<role-link>Power User</role-link>
	</role-mapper>
	<role-mapper>
		<role-name>user</role-name>
		<role-link>User</role-link>
	</role-mapper>
</liferay-portlet-app>