<?xml version="1.0"?>

<portlet-app
	version="2.0"
	xmlns="http://java.sun.com/xml/ns/portlet/portlet-app_2_0.xsd"
	xmlns:xsi="http://www.w3.org/2001/XMLSchema-instance"
	xsi:schemaLocation="http://java.sun.com/xml/ns/portlet/portlet-app_2_0.xsd http://java.sun.com/xml/ns/portlet/portlet-app_2_0.xsd"
>
	<portlet>
		<portlet-name>management-class</portlet-name>
		<display-name>Management Class</display-name>
		<portlet-class>org.tvd.thptty.management.portlet.AdminClassPortlet</portlet-class>
		<init-param>
			<name>view-jsp</name>
			<value>/html/class-admin/view.jsp</value>
		</init-param>
		<init-param>
      		<name>add-process-action-success-action</name>
      		<value>false</value>
    	</init-param>
		<expiration-cache>0</expiration-cache>
		<supports>
			<mime-type>text/html</mime-type>
		</supports>
		<resource-bundle>content.Language</resource-bundle>
		<portlet-info>
			<title>Management Class</title>
			<short-title>Management Class</short-title>
			<keywords>Management Class</keywords>
		</portlet-info>
		<security-role-ref>
			<role-name>administrator</role-name>
		</security-role-ref>
		<security-role-ref>
			<role-name>guest</role-name>
		</security-role-ref>
		<security-role-ref>
			<role-name>power-user</role-name>
		</security-role-ref>
		<security-role-ref>
			<role-name>user</role-name>
		</security-role-ref>
	</portlet>
	
	<portlet>
		<portlet-name>student-public</portlet-name>
		<display-name>Student Public</display-name>
		<portlet-class>org.tvd.thptty.management.portlet.PublicStudentPortlet</portlet-class>
		<init-param>
			<name>view-jsp</name>
			<value>/html/student-public/view.jsp</value>
		</init-param>
		<expiration-cache>0</expiration-cache>
		<supports>
			<mime-type>text/html</mime-type>
		</supports>
		<resource-bundle>content.Language</resource-bundle>
		<portlet-info>
			<title>Student Public</title>
			<short-title>Student Public</short-title>
			<keywords>Student Public</keywords>
		</portlet-info>
		<security-role-ref>
			<role-name>administrator</role-name>
		</security-role-ref>
		<security-role-ref>
			<role-name>guest</role-name>
		</security-role-ref>
		<security-role-ref>
			<role-name>power-user</role-name>
		</security-role-ref>
		<security-role-ref>
			<role-name>user</role-name>
		</security-role-ref>
	</portlet>
	
	<portlet>
		<portlet-name>teacher-admin</portlet-name>
		<display-name>Teacher Admin</display-name>
		<portlet-class>org.tvd.thptty.management.portlet.AdminTeacherPortlet</portlet-class>
		<init-param>
			<name>view-jsp</name>
			<value>/html/teacher-admin/view.jsp</value>
		</init-param>
		<expiration-cache>0</expiration-cache>
		<supports>
			<mime-type>text/html</mime-type>
		</supports>
		<resource-bundle>content.Language</resource-bundle>
		<portlet-info>
			<title>Teacher Admin</title>
			<short-title>Teacher Admin</short-title>
			<keywords>Teacher Admin</keywords>
		</portlet-info>
		<security-role-ref>
			<role-name>administrator</role-name>
		</security-role-ref>
		<security-role-ref>
			<role-name>guest</role-name>
		</security-role-ref>
		<security-role-ref>
			<role-name>power-user</role-name>
		</security-role-ref>
		<security-role-ref>
			<role-name>user</role-name>
		</security-role-ref>
	</portlet>
	
	<portlet>
		<portlet-name>subject-admin</portlet-name>
		<display-name>Subject Admin</display-name>
		<portlet-class>org.tvd.thptty.management.portlet.AdminSubjectPortlet</portlet-class>
		<init-param>
			<name>view-jsp</name>
			<value>/html/subject-admin/view.jsp</value>
		</init-param>
		<expiration-cache>0</expiration-cache>
		<supports>
			<mime-type>text/html</mime-type>
		</supports>
		<resource-bundle>content.Language</resource-bundle>
		<portlet-info>
			<title>Subject Admin</title>
			<short-title>Subject Admin</short-title>
			<keywords>Subject Admin</keywords>
		</portlet-info>
		<security-role-ref>
			<role-name>administrator</role-name>
		</security-role-ref>
		<security-role-ref>
			<role-name>guest</role-name>
		</security-role-ref>
		<security-role-ref>
			<role-name>power-user</role-name>
		</security-role-ref>
		<security-role-ref>
			<role-name>user</role-name>
		</security-role-ref>
	</portlet>
	
	<portlet>
		<portlet-name>carousel-navigator</portlet-name>
		<display-name>Carousel Navigator</display-name>
		<portlet-class>com.liferay.util.bridges.mvc.MVCPortlet</portlet-class>
		<init-param>
			<name>view-jsp</name>
			<value>/html/carousel-navigator/view.jsp</value>
		</init-param>
		<expiration-cache>0</expiration-cache>
		<supports>
			<mime-type>text/html</mime-type>
		</supports>
		<resource-bundle>content.Language</resource-bundle>
		<portlet-info>
			<title>Carousel Navigator</title>
			<short-title>Carousel Navigator</short-title>
			<keywords>Carousel Navigator</keywords>
		</portlet-info>
		<security-role-ref>
			<role-name>administrator</role-name>
		</security-role-ref>
		<security-role-ref>
			<role-name>guest</role-name>
		</security-role-ref>
		<security-role-ref>
			<role-name>power-user</role-name>
		</security-role-ref>
		<security-role-ref>
			<role-name>user</role-name>
		</security-role-ref>
	</portlet>
	
	<portlet>
		<portlet-name>clock-flash-portlet</portlet-name>
		<display-name>Clock Flash</display-name>
		<portlet-class>com.liferay.util.bridges.mvc.MVCPortlet</portlet-class>
		<init-param>
			<name>view-jsp</name>
			<value>/html/clock-flash/view.jsp</value>
		</init-param>
		<expiration-cache>0</expiration-cache>
		<supports>
			<mime-type>text/html</mime-type>
		</supports>
		<resource-bundle>content.Language</resource-bundle>
		<portlet-info>
			<title>Clock Flash</title>
			<short-title>Clock Flash</short-title>
			<keywords>Clock Flash</keywords>
		</portlet-info>
		<security-role-ref>
			<role-name>administrator</role-name>
		</security-role-ref>
		<security-role-ref>
			<role-name>guest</role-name>
		</security-role-ref>
		<security-role-ref>
			<role-name>power-user</role-name>
		</security-role-ref>
		<security-role-ref>
			<role-name>user</role-name>
		</security-role-ref>
	</portlet>
	
	<portlet>
		<portlet-name>tvd-charts-portlet</portlet-name>
		<display-name>Clock Flash</display-name>
		<portlet-class>com.liferay.util.bridges.mvc.MVCPortlet</portlet-class>
		<init-param>
			<name>view-jsp</name>
			<value>/html/charts-portlet/view.jsp</value>
		</init-param>
		<expiration-cache>0</expiration-cache>
		<supports>
			<mime-type>text/html</mime-type>
		</supports>
		<resource-bundle>content.Language</resource-bundle>
		<portlet-info>
			<title>TVD Charts</title>
			<short-title>TVD Charts</short-title>
			<keywords>TVD Charts</keywords>
		</portlet-info>
		<security-role-ref>
			<role-name>administrator</role-name>
		</security-role-ref>
		<security-role-ref>
			<role-name>guest</role-name>
		</security-role-ref>
		<security-role-ref>
			<role-name>power-user</role-name>
		</security-role-ref>
		<security-role-ref>
			<role-name>user</role-name>
		</security-role-ref>
	</portlet>
	
	<portlet>
		<portlet-name>tvd-student-login-portlet</portlet-name>
		<display-name>TVD Student Login</display-name>
		<portlet-class>org.tvd.thptty.management.portlet.PublicStudentPortlet</portlet-class>
		<init-param>
			<name>view-jsp</name>
			<value>/html/student-login/view.jsp</value>
		</init-param>
		<init-param>
            <name>check-auth-token</name>
            <value>false</value>
        </init-param>
		<expiration-cache>0</expiration-cache>
		<supports>
			<mime-type>text/html</mime-type>
		</supports>
		<resource-bundle>content.Language</resource-bundle>
		<portlet-info>
			<title>TVD Student Login</title>
			<short-title>TVD Student Login</short-title>
			<keywords>TVD Student Login</keywords>
		</portlet-info>
		<security-role-ref>
			<role-name>administrator</role-name>
		</security-role-ref>
		<security-role-ref>
			<role-name>guest</role-name>
		</security-role-ref>
		<security-role-ref>
			<role-name>power-user</role-name>
		</security-role-ref>
		<security-role-ref>
			<role-name>user</role-name>
		</security-role-ref>
	</portlet>
	
	<portlet>
		<portlet-name>tvd-student-statistics-portlet</portlet-name>
		<display-name>TVD Student Statistics</display-name>
		<portlet-class>org.tvd.thptty.management.portlet.StatisticsPorlet</portlet-class>
		<init-param>
			<name>view-jsp</name>
			<value>/html/statistics-public/view.jsp</value>
		</init-param>
		<expiration-cache>0</expiration-cache>
		<supports>
			<mime-type>text/html</mime-type>
		</supports>
		<resource-bundle>content.Language</resource-bundle>
		<portlet-info>
			<title>TVD Student Statistics</title>
			<short-title>TVD Student Statistics</short-title>
			<keywords>TVD Student Statistics</keywords>
		</portlet-info>
		<security-role-ref>
			<role-name>administrator</role-name>
		</security-role-ref>
		<security-role-ref>
			<role-name>guest</role-name>
		</security-role-ref>
		<security-role-ref>
			<role-name>power-user</role-name>
		</security-role-ref>
		<security-role-ref>
			<role-name>user</role-name>
		</security-role-ref>
	</portlet>
</portlet-app>