<?xml version="1.0" encoding="UTF-8"?>

<portlet-data-permissions>
	<portlet-data resource-name="com.liferay.portlet.imagegallery" resource-pk="10329">
		<permissions role-name="Administrator" actions=""/>
		<permissions role-name="Guest" actions=""/>
		<permissions role-name="Owner" actions=""/>
		<permissions role-name="Portal Content Reviewer" actions=""/>
		<permissions role-name="Power User" actions=""/>
		<permissions role-name="Publisher" actions=""/>
		<permissions role-name="User" actions=""/>
		<permissions role-name="Writer" actions=""/>
	</portlet-data>
	<portlet-data resource-name="com.liferay.portlet.asset.model.AssetVocabulary" resource-pk="12053">
		<permissions role-name="Administrator" actions=""/>
		<permissions role-name="Guest" actions=""/>
		<permissions role-name="Owner" actions="DELETE,PERMISSIONS,UPDATE,VIEW"/>
		<permissions role-name="Portal Content Reviewer" actions=""/>
		<permissions role-name="Power User" actions=""/>
		<permissions role-name="Publisher" actions=""/>
		<permissions role-name="User" actions=""/>
		<permissions role-name="Writer" actions=""/>
	</portlet-data>
	<portlet-data resource-name="com.liferay.portlet.documentlibrary" resource-pk="10329">
		<permissions role-name="Administrator" actions=""/>
		<permissions role-name="Guest" actions=""/>
		<permissions role-name="Owner" actions=""/>
		<permissions role-name="Portal Content Reviewer" actions=""/>
		<permissions role-name="Power User" actions=""/>
		<permissions role-name="Publisher" actions=""/>
		<permissions role-name="User" actions=""/>
		<permissions role-name="Writer" actions=""/>
	</portlet-data>
	<portlet-data resource-name="com.liferay.portlet.calendar" resource-pk="10329">
		<permissions role-name="Administrator" actions=""/>
		<permissions role-name="Guest" actions=""/>
		<permissions role-name="Owner" actions=""/>
		<permissions role-name="Portal Content Reviewer" actions=""/>
		<permissions role-name="Power User" actions=""/>
		<permissions role-name="Publisher" actions=""/>
		<permissions role-name="User" actions=""/>
		<permissions role-name="Writer" actions=""/>
	</portlet-data>
	<portlet-data resource-name="com.liferay.portlet.polls" resource-pk="10329">
		<permissions role-name="Administrator" actions=""/>
		<permissions role-name="Guest" actions=""/>
		<permissions role-name="Owner" actions=""/>
		<permissions role-name="Portal Content Reviewer" actions=""/>
		<permissions role-name="Power User" actions=""/>
		<permissions role-name="Publisher" actions=""/>
		<permissions role-name="User" actions=""/>
		<permissions role-name="Writer" actions=""/>
	</portlet-data>
	<portlet-data resource-name="com.liferay.portlet.journal" resource-pk="10329">
		<permissions role-name="Administrator" actions=""/>
		<permissions role-name="Guest" actions=""/>
		<permissions role-name="Owner" actions=""/>
		<permissions role-name="Portal Content Reviewer" actions=""/>
		<permissions role-name="Power User" actions=""/>
		<permissions role-name="Publisher" actions=""/>
		<permissions role-name="User" actions=""/>
		<permissions role-name="Writer" actions=""/>
	</portlet-data>
</portlet-data-permissions>