<?xml version="1.0" encoding="UTF-8"?>

<root>
	<header build-number="6006" export-date="Sat, 21 Sep 2013 01:23:14 +0000" type="layout-set" group-id="10329" private-layout="true" theme-id="classic" color-scheme-id="01"/>
	<layouts>
		<layout layout-uuid="629a3651-4dfd-400d-aaad-8b6b924708f6" layout-id="1" path="/groups/10329/layouts/1/layout.xml">
			<permissions>
				<role name="Guest" description="Unauthenticated users always have this role." type="1">
					<action-key>VIEW</action-key>
				</role>
				<role name="Owner" description="This is an implied role with respect to the objects users create." type="1">
					<action-key>ADD_DISCUSSION</action-key>
					<action-key>DELETE</action-key>
					<action-key>DELETE_DISCUSSION</action-key>
					<action-key>UPDATE</action-key>
					<action-key>UPDATE_DISCUSSION</action-key>
					<action-key>VIEW</action-key>
					<action-key>PERMISSIONS</action-key>
				</role>
				<role name="Portal Content Reviewer" description="Autogenerated role from workflow definition" type="1"/>
				<role name="Power User" description="Power Users have their own public and private pages." type="1"/>
				<role name="Publisher" description="Publishers are responsible for publishing content." type="1"/>
				<role name="User" description="Authenticated users should be assigned this role." type="1"/>
				<role name="Writer" description="Writers are responsible for creating content." type="1"/>
				<role name="Community Administrator" description="Community Administrators are super users of their community but cannot make other users into Community Administrators." type="2"/>
				<role name="Community Content Reviewer" description="Autogenerated role from workflow definition" type="2"/>
				<role name="Community Member" description="All users who belong to a community have this role within that community." type="2">
					<action-key>ADD_DISCUSSION</action-key>
					<action-key>VIEW</action-key>
				</role>
				<role name="Community Owner" description="Community Owners are super users of their community and can assign community roles to users." type="2"/>
			</permissions>
		</layout>
		<layout layout-uuid="6d6d7667-ad89-46fc-bb20-429dfef9bc85" layout-id="2" path="/groups/10329/layouts/2/layout.xml">
			<permissions>
				<role name="Guest" description="Unauthenticated users always have this role." type="1">
					<action-key>VIEW</action-key>
				</role>
				<role name="Owner" description="This is an implied role with respect to the objects users create." type="1">
					<action-key>ADD_DISCUSSION</action-key>
					<action-key>DELETE</action-key>
					<action-key>DELETE_DISCUSSION</action-key>
					<action-key>UPDATE</action-key>
					<action-key>UPDATE_DISCUSSION</action-key>
					<action-key>VIEW</action-key>
					<action-key>PERMISSIONS</action-key>
				</role>
				<role name="Portal Content Reviewer" description="Autogenerated role from workflow definition" type="1"/>
				<role name="Power User" description="Power Users have their own public and private pages." type="1"/>
				<role name="Publisher" description="Publishers are responsible for publishing content." type="1"/>
				<role name="User" description="Authenticated users should be assigned this role." type="1"/>
				<role name="Writer" description="Writers are responsible for creating content." type="1"/>
				<role name="Community Administrator" description="Community Administrators are super users of their community but cannot make other users into Community Administrators." type="2"/>
				<role name="Community Content Reviewer" description="Autogenerated role from workflow definition" type="2"/>
				<role name="Community Member" description="All users who belong to a community have this role within that community." type="2">
					<action-key>ADD_DISCUSSION</action-key>
					<action-key>VIEW</action-key>
				</role>
				<role name="Community Owner" description="Community Owners are super users of their community and can assign community roles to users." type="2"/>
			</permissions>
		</layout>
		<layout layout-uuid="5aa600e7-48a9-49e1-93ed-e33061cb660f" layout-id="3" path="/groups/10329/layouts/3/layout.xml">
			<permissions>
				<role name="Guest" description="Unauthenticated users always have this role." type="1">
					<action-key>VIEW</action-key>
				</role>
				<role name="Owner" description="This is an implied role with respect to the objects users create." type="1">
					<action-key>ADD_DISCUSSION</action-key>
					<action-key>DELETE</action-key>
					<action-key>DELETE_DISCUSSION</action-key>
					<action-key>UPDATE</action-key>
					<action-key>UPDATE_DISCUSSION</action-key>
					<action-key>VIEW</action-key>
					<action-key>PERMISSIONS</action-key>
				</role>
				<role name="Portal Content Reviewer" description="Autogenerated role from workflow definition" type="1"/>
				<role name="Power User" description="Power Users have their own public and private pages." type="1"/>
				<role name="Publisher" description="Publishers are responsible for publishing content." type="1"/>
				<role name="User" description="Authenticated users should be assigned this role." type="1"/>
				<role name="Writer" description="Writers are responsible for creating content." type="1"/>
				<role name="Community Administrator" description="Community Administrators are super users of their community but cannot make other users into Community Administrators." type="2"/>
				<role name="Community Content Reviewer" description="Autogenerated role from workflow definition" type="2"/>
				<role name="Community Member" description="All users who belong to a community have this role within that community." type="2">
					<action-key>ADD_DISCUSSION</action-key>
					<action-key>VIEW</action-key>
				</role>
				<role name="Community Owner" description="Community Owners are super users of their community and can assign community roles to users." type="2"/>
			</permissions>
		</layout>
		<layout layout-uuid="e675ef09-0806-43a4-9aa6-ff5c1c517722" layout-id="4" path="/groups/10329/layouts/4/layout.xml">
			<permissions>
				<role name="Guest" description="Unauthenticated users always have this role." type="1">
					<action-key>VIEW</action-key>
				</role>
				<role name="Owner" description="This is an implied role with respect to the objects users create." type="1">
					<action-key>ADD_DISCUSSION</action-key>
					<action-key>DELETE</action-key>
					<action-key>DELETE_DISCUSSION</action-key>
					<action-key>UPDATE</action-key>
					<action-key>UPDATE_DISCUSSION</action-key>
					<action-key>VIEW</action-key>
					<action-key>PERMISSIONS</action-key>
				</role>
				<role name="Portal Content Reviewer" description="Autogenerated role from workflow definition" type="1"/>
				<role name="Power User" description="Power Users have their own public and private pages." type="1"/>
				<role name="Publisher" description="Publishers are responsible for publishing content." type="1"/>
				<role name="User" description="Authenticated users should be assigned this role." type="1"/>
				<role name="Writer" description="Writers are responsible for creating content." type="1"/>
				<role name="Community Administrator" description="Community Administrators are super users of their community but cannot make other users into Community Administrators." type="2"/>
				<role name="Community Content Reviewer" description="Autogenerated role from workflow definition" type="2"/>
				<role name="Community Member" description="All users who belong to a community have this role within that community." type="2">
					<action-key>ADD_DISCUSSION</action-key>
					<action-key>VIEW</action-key>
				</role>
				<role name="Community Owner" description="Community Owners are super users of their community and can assign community roles to users." type="2"/>
			</permissions>
		</layout>
	</layouts>
	<portlets>
		<portlet portlet-id="20" layout-id="1" path="/groups/10329/portlets/20/10337/portlet.xml"/>
		<portlet portlet-id="15" layout-id="1" path="/groups/10329/portlets/15/10337/portlet.xml"/>
		<portlet portlet-id="31" layout-id="1" path="/groups/10329/portlets/31/10337/portlet.xml"/>
		<portlet portlet-id="25" layout-id="1" path="/groups/10329/portlets/25/10337/portlet.xml"/>
		<portlet portlet-id="84" layout-id="1" path="/groups/10329/portlets/84/10337/portlet.xml"/>
		<portlet portlet-id="116" layout-id="1" path="/groups/10329/portlets/116/10337/portlet.xml"/>
		<portlet portlet-id="100" layout-id="1" path="/groups/10329/portlets/100/10337/portlet.xml"/>
		<portlet portlet-id="11" layout-id="1" path="/groups/10329/portlets/11/10337/portlet.xml"/>
		<portlet portlet-id="8" layout-id="2" path="/groups/10329/portlets/8/10342/portlet.xml"/>
		<portlet portlet-id="101_INSTANCE_BJu8" layout-id="2" path="/groups/10329/portlets/101_INSTANCE_BJu8/10342/portlet.xml"/>
		<portlet portlet-id="110_INSTANCE_xW3Q" layout-id="3" path="/groups/10329/portlets/110_INSTANCE_xW3Q/10348/portlet.xml"/>
		<portlet portlet-id="64" layout-id="3" path="/groups/10329/portlets/64/10348/portlet.xml"/>
		<portlet portlet-id="31" layout-id="4" path="/groups/10329/portlets/31/10353/portlet.xml"/>
	</portlets>
</root>