<?xml version="1.0" encoding="UTF-8"?>

<root>
	<header build-number="6006" export-date="Tue, 28 May 2013 16:14:59 +0000" type="layout-set" group-id="10321" private-layout="true" theme-id="classic" color-scheme-id="01"/>
	<layouts>
		<layout layout-uuid="5a947c6c-7ff4-4fdc-9139-4603e907a974" layout-id="1" path="/groups/10321/layouts/1/layout.xml">
			<permissions>
				<role name="Guest" description="Unauthenticated users always have this role." type="1">
					<action-key>VIEW</action-key>
				</role>
				<role name="Owner" description="This is an implied role with respect to the objects users create." type="1">
					<action-key>ADD_DISCUSSION</action-key>
					<action-key>DELETE</action-key>
					<action-key>DELETE_DISCUSSION</action-key>
					<action-key>UPDATE</action-key>
					<action-key>UPDATE_DISCUSSION</action-key>
					<action-key>VIEW</action-key>
					<action-key>PERMISSIONS</action-key>
				</role>
				<role name="Portal Content Reviewer" description="Autogenerated role from workflow definition" type="1"/>
				<role name="Power User" description="Power Users have their own public and private pages." type="1"/>
				<role name="Product Administration" description="Product Administration" type="1"/>
				<role name="Publisher" description="Publishers are responsible for publishing content." type="1"/>
				<role name="User" description="Authenticated users should be assigned this role." type="1"/>
				<role name="Writer" description="Writers are responsible for creating content." type="1"/>
				<role name="Community Administrator" description="Community Administrators are super users of their community but cannot make other users into Community Administrators." type="2"/>
				<role name="Community Content Reviewer" description="Autogenerated role from workflow definition" type="2"/>
				<role name="Community Member" description="All users who belong to a community have this role within that community." type="2">
					<action-key>ADD_DISCUSSION</action-key>
					<action-key>VIEW</action-key>
				</role>
				<role name="Community Owner" description="Community Owners are super users of their community and can assign community roles to users." type="2"/>
			</permissions>
		</layout>
		<layout layout-uuid="a34159d5-78fa-4fe6-83ff-215c07584cd4" layout-id="2" path="/groups/10321/layouts/2/layout.xml">
			<permissions>
				<role name="Guest" description="Unauthenticated users always have this role." type="1">
					<action-key>VIEW</action-key>
				</role>
				<role name="Owner" description="This is an implied role with respect to the objects users create." type="1">
					<action-key>ADD_DISCUSSION</action-key>
					<action-key>DELETE</action-key>
					<action-key>DELETE_DISCUSSION</action-key>
					<action-key>UPDATE</action-key>
					<action-key>UPDATE_DISCUSSION</action-key>
					<action-key>VIEW</action-key>
					<action-key>PERMISSIONS</action-key>
				</role>
				<role name="Portal Content Reviewer" description="Autogenerated role from workflow definition" type="1"/>
				<role name="Power User" description="Power Users have their own public and private pages." type="1"/>
				<role name="Product Administration" description="Product Administration" type="1"/>
				<role name="Publisher" description="Publishers are responsible for publishing content." type="1"/>
				<role name="User" description="Authenticated users should be assigned this role." type="1"/>
				<role name="Writer" description="Writers are responsible for creating content." type="1"/>
				<role name="Community Administrator" description="Community Administrators are super users of their community but cannot make other users into Community Administrators." type="2"/>
				<role name="Community Content Reviewer" description="Autogenerated role from workflow definition" type="2"/>
				<role name="Community Member" description="All users who belong to a community have this role within that community." type="2">
					<action-key>ADD_DISCUSSION</action-key>
					<action-key>VIEW</action-key>
				</role>
				<role name="Community Owner" description="Community Owners are super users of their community and can assign community roles to users." type="2"/>
			</permissions>
		</layout>
		<layout layout-uuid="0a45e622-a7c4-401f-ac18-cad69f433acb" layout-id="3" path="/groups/10321/layouts/3/layout.xml">
			<permissions>
				<role name="Guest" description="Unauthenticated users always have this role." type="1">
					<action-key>VIEW</action-key>
				</role>
				<role name="Owner" description="This is an implied role with respect to the objects users create." type="1">
					<action-key>ADD_DISCUSSION</action-key>
					<action-key>DELETE</action-key>
					<action-key>DELETE_DISCUSSION</action-key>
					<action-key>UPDATE</action-key>
					<action-key>UPDATE_DISCUSSION</action-key>
					<action-key>VIEW</action-key>
					<action-key>PERMISSIONS</action-key>
				</role>
				<role name="Portal Content Reviewer" description="Autogenerated role from workflow definition" type="1"/>
				<role name="Power User" description="Power Users have their own public and private pages." type="1"/>
				<role name="Product Administration" description="Product Administration" type="1"/>
				<role name="Publisher" description="Publishers are responsible for publishing content." type="1"/>
				<role name="User" description="Authenticated users should be assigned this role." type="1"/>
				<role name="Writer" description="Writers are responsible for creating content." type="1"/>
				<role name="Community Administrator" description="Community Administrators are super users of their community but cannot make other users into Community Administrators." type="2"/>
				<role name="Community Content Reviewer" description="Autogenerated role from workflow definition" type="2"/>
				<role name="Community Member" description="All users who belong to a community have this role within that community." type="2">
					<action-key>ADD_DISCUSSION</action-key>
					<action-key>VIEW</action-key>
				</role>
				<role name="Community Owner" description="Community Owners are super users of their community and can assign community roles to users." type="2"/>
			</permissions>
		</layout>
		<layout layout-uuid="1bac248c-a81c-4200-b147-7445c17eaf3a" layout-id="4" path="/groups/10321/layouts/4/layout.xml">
			<permissions>
				<role name="Guest" description="Unauthenticated users always have this role." type="1">
					<action-key>VIEW</action-key>
				</role>
				<role name="Owner" description="This is an implied role with respect to the objects users create." type="1">
					<action-key>ADD_DISCUSSION</action-key>
					<action-key>DELETE</action-key>
					<action-key>DELETE_DISCUSSION</action-key>
					<action-key>UPDATE</action-key>
					<action-key>UPDATE_DISCUSSION</action-key>
					<action-key>VIEW</action-key>
					<action-key>PERMISSIONS</action-key>
				</role>
				<role name="Portal Content Reviewer" description="Autogenerated role from workflow definition" type="1"/>
				<role name="Power User" description="Power Users have their own public and private pages." type="1"/>
				<role name="Product Administration" description="Product Administration" type="1"/>
				<role name="Publisher" description="Publishers are responsible for publishing content." type="1"/>
				<role name="User" description="Authenticated users should be assigned this role." type="1"/>
				<role name="Writer" description="Writers are responsible for creating content." type="1"/>
				<role name="Community Administrator" description="Community Administrators are super users of their community but cannot make other users into Community Administrators." type="2"/>
				<role name="Community Content Reviewer" description="Autogenerated role from workflow definition" type="2"/>
				<role name="Community Member" description="All users who belong to a community have this role within that community." type="2">
					<action-key>ADD_DISCUSSION</action-key>
					<action-key>VIEW</action-key>
				</role>
				<role name="Community Owner" description="Community Owners are super users of their community and can assign community roles to users." type="2"/>
			</permissions>
		</layout>
	</layouts>
	<portlets>
		<portlet portlet-id="20" layout-id="1" path="/groups/10321/portlets/20/10329/portlet.xml"/>
		<portlet portlet-id="15" layout-id="1" path="/groups/10321/portlets/15/10329/portlet.xml"/>
		<portlet portlet-id="31" layout-id="1" path="/groups/10321/portlets/31/10329/portlet.xml"/>
		<portlet portlet-id="25" layout-id="1" path="/groups/10321/portlets/25/10329/portlet.xml"/>
		<portlet portlet-id="84" layout-id="1" path="/groups/10321/portlets/84/10329/portlet.xml"/>
		<portlet portlet-id="116" layout-id="1" path="/groups/10321/portlets/116/10329/portlet.xml"/>
		<portlet portlet-id="100" layout-id="1" path="/groups/10321/portlets/100/10329/portlet.xml"/>
		<portlet portlet-id="11" layout-id="1" path="/groups/10321/portlets/11/10329/portlet.xml"/>
		<portlet portlet-id="8" layout-id="2" path="/groups/10321/portlets/8/10334/portlet.xml"/>
		<portlet portlet-id="101_INSTANCE_6tPk" layout-id="2" path="/groups/10321/portlets/101_INSTANCE_6tPk/10334/portlet.xml"/>
		<portlet portlet-id="110_INSTANCE_T4cz" layout-id="3" path="/groups/10321/portlets/110_INSTANCE_T4cz/10340/portlet.xml"/>
		<portlet portlet-id="64" layout-id="3" path="/groups/10321/portlets/64/10340/portlet.xml"/>
		<portlet portlet-id="31" layout-id="4" path="/groups/10321/portlets/31/10345/portlet.xml"/>
	</portlets>
</root>