<?xml version="1.0" encoding="UTF-8"?>

<root>
	<header build-number="6006" export-date="Sat, 21 Sep 2013 01:23:08 +0000" type="layout-set" group-id="10300" private-layout="true" theme-id="classic" color-scheme-id="01"/>
	<layouts>
		<layout layout-uuid="3ebed119-d498-4103-89d8-ab1c2c10aaff" layout-id="1" path="/groups/10300/layouts/1/layout.xml">
			<permissions>
				<role name="Guest" description="Unauthenticated users always have this role." type="1">
					<action-key>VIEW</action-key>
				</role>
				<role name="Owner" description="This is an implied role with respect to the objects users create." type="1">
					<action-key>ADD_DISCUSSION</action-key>
					<action-key>DELETE</action-key>
					<action-key>DELETE_DISCUSSION</action-key>
					<action-key>UPDATE</action-key>
					<action-key>UPDATE_DISCUSSION</action-key>
					<action-key>VIEW</action-key>
					<action-key>PERMISSIONS</action-key>
				</role>
				<role name="Portal Content Reviewer" description="Autogenerated role from workflow definition" type="1"/>
				<role name="Power User" description="Power Users have their own public and private pages." type="1"/>
				<role name="Publisher" description="Publishers are responsible for publishing content." type="1"/>
				<role name="User" description="Authenticated users should be assigned this role." type="1"/>
				<role name="Writer" description="Writers are responsible for creating content." type="1"/>
				<role name="Community Administrator" description="Community Administrators are super users of their community but cannot make other users into Community Administrators." type="2"/>
				<role name="Community Content Reviewer" description="Autogenerated role from workflow definition" type="2"/>
				<role name="Community Member" description="All users who belong to a community have this role within that community." type="2">
					<action-key>ADD_DISCUSSION</action-key>
					<action-key>VIEW</action-key>
				</role>
				<role name="Community Owner" description="Community Owners are super users of their community and can assign community roles to users." type="2"/>
			</permissions>
		</layout>
		<layout layout-uuid="a2fbc25c-bdae-4dc2-aa83-97f8c060583c" layout-id="2" path="/groups/10300/layouts/2/layout.xml">
			<permissions>
				<role name="Guest" description="Unauthenticated users always have this role." type="1">
					<action-key>VIEW</action-key>
				</role>
				<role name="Owner" description="This is an implied role with respect to the objects users create." type="1">
					<action-key>ADD_DISCUSSION</action-key>
					<action-key>DELETE</action-key>
					<action-key>DELETE_DISCUSSION</action-key>
					<action-key>UPDATE</action-key>
					<action-key>UPDATE_DISCUSSION</action-key>
					<action-key>VIEW</action-key>
					<action-key>PERMISSIONS</action-key>
				</role>
				<role name="Portal Content Reviewer" description="Autogenerated role from workflow definition" type="1"/>
				<role name="Power User" description="Power Users have their own public and private pages." type="1"/>
				<role name="Publisher" description="Publishers are responsible for publishing content." type="1"/>
				<role name="User" description="Authenticated users should be assigned this role." type="1"/>
				<role name="Writer" description="Writers are responsible for creating content." type="1"/>
				<role name="Community Administrator" description="Community Administrators are super users of their community but cannot make other users into Community Administrators." type="2"/>
				<role name="Community Content Reviewer" description="Autogenerated role from workflow definition" type="2"/>
				<role name="Community Member" description="All users who belong to a community have this role within that community." type="2">
					<action-key>ADD_DISCUSSION</action-key>
					<action-key>VIEW</action-key>
				</role>
				<role name="Community Owner" description="Community Owners are super users of their community and can assign community roles to users." type="2"/>
			</permissions>
		</layout>
		<layout layout-uuid="81475dbf-bf43-41cf-bb5b-e528ba0b07bf" layout-id="3" path="/groups/10300/layouts/3/layout.xml">
			<permissions>
				<role name="Guest" description="Unauthenticated users always have this role." type="1">
					<action-key>VIEW</action-key>
				</role>
				<role name="Owner" description="This is an implied role with respect to the objects users create." type="1">
					<action-key>ADD_DISCUSSION</action-key>
					<action-key>DELETE</action-key>
					<action-key>DELETE_DISCUSSION</action-key>
					<action-key>UPDATE</action-key>
					<action-key>UPDATE_DISCUSSION</action-key>
					<action-key>VIEW</action-key>
					<action-key>PERMISSIONS</action-key>
				</role>
				<role name="Portal Content Reviewer" description="Autogenerated role from workflow definition" type="1"/>
				<role name="Power User" description="Power Users have their own public and private pages." type="1"/>
				<role name="Publisher" description="Publishers are responsible for publishing content." type="1"/>
				<role name="User" description="Authenticated users should be assigned this role." type="1"/>
				<role name="Writer" description="Writers are responsible for creating content." type="1"/>
				<role name="Community Administrator" description="Community Administrators are super users of their community but cannot make other users into Community Administrators." type="2"/>
				<role name="Community Content Reviewer" description="Autogenerated role from workflow definition" type="2"/>
				<role name="Community Member" description="All users who belong to a community have this role within that community." type="2">
					<action-key>ADD_DISCUSSION</action-key>
					<action-key>VIEW</action-key>
				</role>
				<role name="Community Owner" description="Community Owners are super users of their community and can assign community roles to users." type="2"/>
			</permissions>
		</layout>
		<layout layout-uuid="de573d02-bb1e-499a-8c6a-f06c39c111c7" layout-id="4" path="/groups/10300/layouts/4/layout.xml">
			<permissions>
				<role name="Guest" description="Unauthenticated users always have this role." type="1">
					<action-key>VIEW</action-key>
				</role>
				<role name="Owner" description="This is an implied role with respect to the objects users create." type="1">
					<action-key>ADD_DISCUSSION</action-key>
					<action-key>DELETE</action-key>
					<action-key>DELETE_DISCUSSION</action-key>
					<action-key>UPDATE</action-key>
					<action-key>UPDATE_DISCUSSION</action-key>
					<action-key>VIEW</action-key>
					<action-key>PERMISSIONS</action-key>
				</role>
				<role name="Portal Content Reviewer" description="Autogenerated role from workflow definition" type="1"/>
				<role name="Power User" description="Power Users have their own public and private pages." type="1"/>
				<role name="Publisher" description="Publishers are responsible for publishing content." type="1"/>
				<role name="User" description="Authenticated users should be assigned this role." type="1"/>
				<role name="Writer" description="Writers are responsible for creating content." type="1"/>
				<role name="Community Administrator" description="Community Administrators are super users of their community but cannot make other users into Community Administrators." type="2"/>
				<role name="Community Content Reviewer" description="Autogenerated role from workflow definition" type="2"/>
				<role name="Community Member" description="All users who belong to a community have this role within that community." type="2">
					<action-key>ADD_DISCUSSION</action-key>
					<action-key>VIEW</action-key>
				</role>
				<role name="Community Owner" description="Community Owners are super users of their community and can assign community roles to users." type="2"/>
			</permissions>
		</layout>
	</layouts>
	<portlets>
		<portlet portlet-id="20" layout-id="1" path="/groups/10300/portlets/20/10308/portlet.xml"/>
		<portlet portlet-id="15" layout-id="1" path="/groups/10300/portlets/15/10308/portlet.xml"/>
		<portlet portlet-id="31" layout-id="1" path="/groups/10300/portlets/31/10308/portlet.xml"/>
		<portlet portlet-id="25" layout-id="1" path="/groups/10300/portlets/25/10308/portlet.xml"/>
		<portlet portlet-id="77" layout-id="1" path="/groups/10300/portlets/77/10308/portlet.xml"/>
		<portlet portlet-id="56_INSTANCE_W9Dd" layout-id="1" path="/groups/10300/portlets/56_INSTANCE_W9Dd/10308/portlet.xml"/>
		<portlet portlet-id="101_INSTANCE_EeH5" layout-id="1" path="/groups/10300/portlets/101_INSTANCE_EeH5/10308/portlet.xml"/>
		<portlet portlet-id="59_INSTANCE_I0uG" layout-id="1" path="/groups/10300/portlets/59_INSTANCE_I0uG/10308/portlet.xml"/>
		<portlet portlet-id="33" layout-id="2" path="/groups/10300/portlets/33/10313/portlet.xml"/>
		<portlet portlet-id="148_INSTANCE_jn1L" layout-id="2" path="/groups/10300/portlets/148_INSTANCE_jn1L/10313/portlet.xml"/>
		<portlet portlet-id="114" layout-id="2" path="/groups/10300/portlets/114/10313/portlet.xml"/>
		<portlet portlet-id="36" layout-id="3" path="/groups/10300/portlets/36/10318/portlet.xml"/>
		<portlet portlet-id="122_INSTANCE_p2C0" layout-id="3" path="/groups/10300/portlets/122_INSTANCE_p2C0/10318/portlet.xml"/>
		<portlet portlet-id="141_INSTANCE_H2Iu" layout-id="3" path="/groups/10300/portlets/141_INSTANCE_H2Iu/10318/portlet.xml"/>
		<portlet portlet-id="19" layout-id="4" path="/groups/10300/portlets/19/10323/portlet.xml"/>
	</portlets>
</root>