<?xml version="1.0" encoding="UTF-8"?>

<root>
	<header build-number="6006" export-date="Tue, 28 May 2013 16:14:57 +0000" type="layout-set" group-id="10292" private-layout="true" theme-id="classic" color-scheme-id="01"/>
	<layouts>
		<layout layout-uuid="d2421e5b-8d39-412c-aa2b-b0f786378879" layout-id="1" path="/groups/10292/layouts/1/layout.xml">
			<permissions>
				<role name="Guest" description="Unauthenticated users always have this role." type="1">
					<action-key>VIEW</action-key>
				</role>
				<role name="Owner" description="This is an implied role with respect to the objects users create." type="1">
					<action-key>ADD_DISCUSSION</action-key>
					<action-key>DELETE</action-key>
					<action-key>DELETE_DISCUSSION</action-key>
					<action-key>UPDATE</action-key>
					<action-key>UPDATE_DISCUSSION</action-key>
					<action-key>VIEW</action-key>
					<action-key>PERMISSIONS</action-key>
				</role>
				<role name="Portal Content Reviewer" description="Autogenerated role from workflow definition" type="1"/>
				<role name="Power User" description="Power Users have their own public and private pages." type="1"/>
				<role name="Product Administration" description="Product Administration" type="1"/>
				<role name="Publisher" description="Publishers are responsible for publishing content." type="1"/>
				<role name="User" description="Authenticated users should be assigned this role." type="1"/>
				<role name="Writer" description="Writers are responsible for creating content." type="1"/>
				<role name="Community Administrator" description="Community Administrators are super users of their community but cannot make other users into Community Administrators." type="2"/>
				<role name="Community Content Reviewer" description="Autogenerated role from workflow definition" type="2"/>
				<role name="Community Member" description="All users who belong to a community have this role within that community." type="2">
					<action-key>ADD_DISCUSSION</action-key>
					<action-key>VIEW</action-key>
				</role>
				<role name="Community Owner" description="Community Owners are super users of their community and can assign community roles to users." type="2"/>
			</permissions>
		</layout>
		<layout layout-uuid="3b98a43f-bf01-49ba-b7c0-ff14182f52fa" layout-id="2" path="/groups/10292/layouts/2/layout.xml">
			<permissions>
				<role name="Guest" description="Unauthenticated users always have this role." type="1">
					<action-key>VIEW</action-key>
				</role>
				<role name="Owner" description="This is an implied role with respect to the objects users create." type="1">
					<action-key>ADD_DISCUSSION</action-key>
					<action-key>DELETE</action-key>
					<action-key>DELETE_DISCUSSION</action-key>
					<action-key>UPDATE</action-key>
					<action-key>UPDATE_DISCUSSION</action-key>
					<action-key>VIEW</action-key>
					<action-key>PERMISSIONS</action-key>
				</role>
				<role name="Portal Content Reviewer" description="Autogenerated role from workflow definition" type="1"/>
				<role name="Power User" description="Power Users have their own public and private pages." type="1"/>
				<role name="Product Administration" description="Product Administration" type="1"/>
				<role name="Publisher" description="Publishers are responsible for publishing content." type="1"/>
				<role name="User" description="Authenticated users should be assigned this role." type="1"/>
				<role name="Writer" description="Writers are responsible for creating content." type="1"/>
				<role name="Community Administrator" description="Community Administrators are super users of their community but cannot make other users into Community Administrators." type="2"/>
				<role name="Community Content Reviewer" description="Autogenerated role from workflow definition" type="2"/>
				<role name="Community Member" description="All users who belong to a community have this role within that community." type="2">
					<action-key>ADD_DISCUSSION</action-key>
					<action-key>VIEW</action-key>
				</role>
				<role name="Community Owner" description="Community Owners are super users of their community and can assign community roles to users." type="2"/>
			</permissions>
		</layout>
		<layout layout-uuid="8fac1902-3fc1-419e-99fa-17005dd9e428" layout-id="3" path="/groups/10292/layouts/3/layout.xml">
			<permissions>
				<role name="Guest" description="Unauthenticated users always have this role." type="1">
					<action-key>VIEW</action-key>
				</role>
				<role name="Owner" description="This is an implied role with respect to the objects users create." type="1">
					<action-key>ADD_DISCUSSION</action-key>
					<action-key>DELETE</action-key>
					<action-key>DELETE_DISCUSSION</action-key>
					<action-key>UPDATE</action-key>
					<action-key>UPDATE_DISCUSSION</action-key>
					<action-key>VIEW</action-key>
					<action-key>PERMISSIONS</action-key>
				</role>
				<role name="Portal Content Reviewer" description="Autogenerated role from workflow definition" type="1"/>
				<role name="Power User" description="Power Users have their own public and private pages." type="1"/>
				<role name="Product Administration" description="Product Administration" type="1"/>
				<role name="Publisher" description="Publishers are responsible for publishing content." type="1"/>
				<role name="User" description="Authenticated users should be assigned this role." type="1"/>
				<role name="Writer" description="Writers are responsible for creating content." type="1"/>
				<role name="Community Administrator" description="Community Administrators are super users of their community but cannot make other users into Community Administrators." type="2"/>
				<role name="Community Content Reviewer" description="Autogenerated role from workflow definition" type="2"/>
				<role name="Community Member" description="All users who belong to a community have this role within that community." type="2">
					<action-key>ADD_DISCUSSION</action-key>
					<action-key>VIEW</action-key>
				</role>
				<role name="Community Owner" description="Community Owners are super users of their community and can assign community roles to users." type="2"/>
			</permissions>
		</layout>
		<layout layout-uuid="3e8b4b14-50cf-4694-b006-17942174aac2" layout-id="4" path="/groups/10292/layouts/4/layout.xml">
			<permissions>
				<role name="Guest" description="Unauthenticated users always have this role." type="1">
					<action-key>VIEW</action-key>
				</role>
				<role name="Owner" description="This is an implied role with respect to the objects users create." type="1">
					<action-key>ADD_DISCUSSION</action-key>
					<action-key>DELETE</action-key>
					<action-key>DELETE_DISCUSSION</action-key>
					<action-key>UPDATE</action-key>
					<action-key>UPDATE_DISCUSSION</action-key>
					<action-key>VIEW</action-key>
					<action-key>PERMISSIONS</action-key>
				</role>
				<role name="Portal Content Reviewer" description="Autogenerated role from workflow definition" type="1"/>
				<role name="Power User" description="Power Users have their own public and private pages." type="1"/>
				<role name="Product Administration" description="Product Administration" type="1"/>
				<role name="Publisher" description="Publishers are responsible for publishing content." type="1"/>
				<role name="User" description="Authenticated users should be assigned this role." type="1"/>
				<role name="Writer" description="Writers are responsible for creating content." type="1"/>
				<role name="Community Administrator" description="Community Administrators are super users of their community but cannot make other users into Community Administrators." type="2"/>
				<role name="Community Content Reviewer" description="Autogenerated role from workflow definition" type="2"/>
				<role name="Community Member" description="All users who belong to a community have this role within that community." type="2">
					<action-key>ADD_DISCUSSION</action-key>
					<action-key>VIEW</action-key>
				</role>
				<role name="Community Owner" description="Community Owners are super users of their community and can assign community roles to users." type="2"/>
			</permissions>
		</layout>
	</layouts>
	<portlets>
		<portlet portlet-id="20" layout-id="1" path="/groups/10292/portlets/20/10300/portlet.xml"/>
		<portlet portlet-id="15" layout-id="1" path="/groups/10292/portlets/15/10300/portlet.xml"/>
		<portlet portlet-id="31" layout-id="1" path="/groups/10292/portlets/31/10300/portlet.xml"/>
		<portlet portlet-id="25" layout-id="1" path="/groups/10292/portlets/25/10300/portlet.xml"/>
		<portlet portlet-id="77" layout-id="1" path="/groups/10292/portlets/77/10300/portlet.xml"/>
		<portlet portlet-id="56_INSTANCE_umH6" layout-id="1" path="/groups/10292/portlets/56_INSTANCE_umH6/10300/portlet.xml"/>
		<portlet portlet-id="101_INSTANCE_vG8u" layout-id="1" path="/groups/10292/portlets/101_INSTANCE_vG8u/10300/portlet.xml"/>
		<portlet portlet-id="59_INSTANCE_06aM" layout-id="1" path="/groups/10292/portlets/59_INSTANCE_06aM/10300/portlet.xml"/>
		<portlet portlet-id="33" layout-id="2" path="/groups/10292/portlets/33/10305/portlet.xml"/>
		<portlet portlet-id="148_INSTANCE_Sg5H" layout-id="2" path="/groups/10292/portlets/148_INSTANCE_Sg5H/10305/portlet.xml"/>
		<portlet portlet-id="114" layout-id="2" path="/groups/10292/portlets/114/10305/portlet.xml"/>
		<portlet portlet-id="36" layout-id="3" path="/groups/10292/portlets/36/10310/portlet.xml"/>
		<portlet portlet-id="122_INSTANCE_KX7y" layout-id="3" path="/groups/10292/portlets/122_INSTANCE_KX7y/10310/portlet.xml"/>
		<portlet portlet-id="141_INSTANCE_2Pqw" layout-id="3" path="/groups/10292/portlets/141_INSTANCE_2Pqw/10310/portlet.xml"/>
		<portlet portlet-id="19" layout-id="4" path="/groups/10292/portlets/19/10315/portlet.xml"/>
	</portlets>
</root>