<?xml version="1.0" encoding="UTF-8"?>

<portlet portlet-id="114" root-portlet-id="114" old-plid="10313" scope-layout-uuid="">
	<portlet-preferences path="/groups/10300/portlets/114/preferences/layout/0/10313/portlet-preferences.xml"/>
	<permissions>
		<role name="Guest" description="Unauthenticated users always have this role." type="1"/>
		<role name="Owner" description="This is an implied role with respect to the objects users create." type="1"/>
		<role name="Portal Content Reviewer" description="Autogenerated role from workflow definition" type="1"/>
		<role name="Power User" description="Power Users have their own public and private pages." type="1"/>
		<role name="Publisher" description="Publishers are responsible for publishing content." type="1"/>
		<role name="User" description="Authenticated users should be assigned this role." type="1"/>
		<role name="Writer" description="Writers are responsible for creating content." type="1"/>
		<role name="Community Administrator" description="Community Administrators are super users of their community but cannot make other users into Community Administrators." type="2"/>
		<role name="Community Content Reviewer" description="Autogenerated role from workflow definition" type="2"/>
		<role name="Community Member" description="All users who belong to a community have this role within that community." type="2"/>
		<role name="Community Owner" description="Community Owners are super users of their community and can assign community roles to users." type="2"/>
	</permissions>
</portlet>